Time,Ref_Vx,Ref_X,Ref_Y,MPC_X,MPC_Y,MPC_Vx,MPC_Fx,MPC_Steer,PID_X,PID_Y,PID_Vx,PID_Fx,PID_Power
0,25,0,0,0.05,0,1.23437,1499.98,0,0.05,0,1.23438,1500,1851.56
0.05,25,0,0,0.111719,0,1.46875,1499.99,0,0.111719,0,1.46875,1500,2203.12
0.1,25,0,0,0.185156,0,1.70312,1500,0,0.185156,0,1.70312,1500,2554.69
0.15,25,0,0,0.270312,0,1.9375,1500,0,0.270313,0,1.9375,1500,2906.25
0.2,25,0.5,0,0.367187,0,2.17187,1500,0,0.367188,0,2.17188,1500,3257.81
0.25,25,0.5,0,0.47578,0,2.40625,1500,0,0.475781,0,2.40625,1500,3609.38
0.3,25,0.5,0,0.596092,0,2.64062,1500,0,0.596094,0,2.64062,1500,3960.94
0.35,25,0.5,0,0.728123,0,2.87499,1500,0,0.728125,0,2.875,1500,4312.5
0.4,25,0.5,0,0.871873,0,3.10937,1500,0,0.871875,0,3.10938,1500,4664.06
0.45,25,1,0,1.02734,0,3.34374,1500,0,1.02734,0,3.34375,1500,5015.62
0.5,25,1,0,1.19453,0,3.57812,1500,0,1.19453,0,3.57812,1500,5367.19
0.55,25,1,0,1.37343,0,3.81249,1500,0,1.37344,0,3.8125,1500,5718.75
0.6,25,1.5,0,1.56406,0,4.04687,1500,0,1.56406,0,4.04688,1500,6070.31
0.65,25,1.5,0,1.7664,0,4.28124,1500,0,1.76641,0,4.28125,1500,6421.88
0.7,25,2,0,1.98047,0,4.51562,1500,0,1.98047,0,4.51562,1500,6773.44
0.75,25,2,0,2.20625,0,4.74999,1500,0,2.20625,0,4.75,1500,7125
0.8,25,2,0,2.44375,0,4.98437,1500,0,2.44375,0,4.98438,1500,7476.56
0.85,25,2.5,0,2.69296,0,5.21874,1500,0,2.69297,0,5.21875,1500,7828.12
0.9,25,2.5,0,2.9539,0,5.45312,1500,0,2.95391,0,5.45312,1500,8179.69
0.95,25,3,0,3.22656,0,5.68749,1500,0,3.22656,0,5.6875,1500,8531.25
1,25,3,0,3.51093,0,5.92187,1500,0,3.51094,0,5.92188,1500,8882.81
1.05,25,3.5,0,3.80703,0,6.15624,1500,0,3.80703,0,6.15625,1500,9234.38
1.1,25,4,0,4.11484,0,6.39062,1500,0,4.11484,0,6.39062,1500,9585.94
1.15,25,4,0,4.43437,0,6.62499,1500,0,4.43437,0,6.625,1500,9937.5
1.2,25,4.5,0,4.76562,0,6.85937,1500,0,4.76562,0,6.85938,1500,10289.1
1.25,25,5,0,5.10859,0,7.09374,1500,0,5.10859,0,7.09375,1500,10640.6
1.3,25,5,0,5.46327,0,7.32812,1500,0,5.46328,0,7.32812,1500,10992.2
1.35,25,5.5,0,5.82968,0,7.56249,1500,0,5.82969,0,7.5625,1500,11343.8
1.4,25,6,0,6.2078,0,7.79687,1500,0,6.20781,0,7.79688,1500,11695.3
1.45,25,6,0,6.59765,0,8.03124,1500,0,6.59766,0,8.03125,1500,12046.9
1.5,25,6.5,0,6.99921,0,8.26562,1500,0,6.99922,0,8.26562,1500,12398.4
1.55,25,7,0,7.41249,0,8.49999,1500,0,7.4125,0,8.5,1500,12750
1.6,25,7.5,0,7.83749,0,8.73437,1500,0,7.8375,0,8.73438,1500,13101.6
1.65,25,8,0,8.27421,0,8.96874,1500,0,8.27422,0,8.96875,1500,13453.1
1.7,25,8.5,0,8.72264,0,9.20311,1500,0,8.72266,0,9.20312,1500,13804.7
1.75,25,8.5,0,9.1828,0,9.43749,1500,0,9.18281,0,9.4375,1500,14156.2
1.8,25,9,0,9.65467,0,9.67186,1500,0,9.65469,0,9.67188,1500,14507.8
1.85,25,9.5,0,10.1383,0,9.90624,1500,0,10.1383,0,9.90625,1500,14859.4
1.9,25,10,0,10.6336,0,10.1406,1500,0,10.6336,0,10.1406,1500,15210.9
1.95,25,11,0,11.1406,0,10.375,1500,0,11.1406,0,10.375,1500,15562.5
2,25,11.5,0,11.6594,0,10.6094,1500,0,11.6594,0,10.6094,1500,15914.1
2.05,25,12,0,12.1898,0,10.8437,1500,0,12.1898,0,10.8438,1500,16265.6
2.1,25,12.5,0,12.732,0,11.0781,1500,0,12.732,0,11.0781,1500,16617.2
2.15,25,13,0,13.2859,0,11.3125,1500,0,13.2859,0,11.3125,1500,16968.8
2.2,25,14,0,13.8515,0,11.5469,1500,0,13.8516,0,11.5469,1500,17320.3
2.25,25,14.5,0,14.4289,0,11.7812,1500,0,14.4289,0,11.7812,1500,17671.9
2.3,25,15,0,15.018,0,12.0156,1500,0,15.018,0,12.0156,1500,18023.4
2.35,25,15.5,0,15.6187,0,12.25,1500,0,15.6188,0,12.25,1500,18375
2.4,25,16,0,16.2312,0,12.4844,1500,0,16.2313,0,12.4844,1500,18726.6
2.45,25,16.5,0,16.8554,0,12.7187,1500,0,16.8555,0,12.7188,1500,19078.1
2.5,25,17.5,0,17.4914,0,12.9531,1500,0,17.4914,0,12.9531,1500,19429.7
2.55,25,18,0,18.139,0,13.1875,1500,0,18.1391,0,13.1875,1500,19781.2
2.6,25,18.5,0,18.7984,0,13.4219,1500,0,18.7984,0,13.4219,1500,20132.8
2.65,25,19.5,0,19.4695,0,13.6562,1500,0,19.4695,0,13.6562,1500,20484.4
2.7,25,20,0,20.1523,0,13.8906,1500,0,20.1523,0,13.8906,1500,20835.9
2.75,25,20.5,0,20.8469,0,14.125,1500,0,20.8469,0,14.125,1500,21187.5
2.8,25,21.5,0,21.5531,0,14.3594,1500,0,21.5531,0,14.3594,1500,21539.1
2.85,25,22,0,22.2711,0,14.5937,1500,0,22.2711,0,14.5938,1500,21890.6
2.9,25,23,0,23.0008,0,14.8281,1500,0,23.0008,0,14.8281,1500,22242.2
2.95,25,23.5,0,23.7422,0,15.0625,1500,0,23.7422,0,15.0625,1500,22593.8
3,25,24,0,24.4953,0,15.2969,1500,0,24.4953,0,15.2969,1500,22945.3
3.05,25,25,0,25.2601,0,15.5312,1500,0,25.2602,0,15.5312,1500,23296.9
3.1,25,26,0,26.0367,0,15.7656,1500,0,26.0367,0,15.7656,1500,23648.4
3.15,25,26.5,0,26.825,0,16,1500,0,26.825,0,16,1500,24000
3.2,25,27.5,0,27.625,0,16.2344,1500,0,27.625,0,16.2344,1500,24351.6
3.25,25,28,0,28.4367,0,16.4687,1500,0,28.4367,0,16.4688,1500,24703.1
3.3,25,29,0,29.2601,0,16.7031,1500,9.23152e-05,29.2602,0,16.7031,1500,25054.7
3.35,25,30,0,30.0953,2.10365e-05,16.933,1500,0.0329905,30.0953,0,16.9375,1500,25406.2
3.4,25,30.5,0,30.9419,0.00685773,17.1123,1500,0.428272,30.9422,0,17.1719,1500,25757.8
3.45,25,31.5,0,31.7974,0.0221244,17.2891,1500,0.419928,31.8008,0,17.4062,1500,26109.4
3.5,25,32.5,0,32.6615,0.0501314,17.4586,1500,0.423942,32.6711,0,17.6406,1500,26460.9
3.55,25,33,0,33.5337,0.0938846,17.6245,1500,0.418645,33.5531,0,17.875,1500,26812.5
3.6,25,34,0,34.4134,0.154625,17.7935,1500,0.418826,34.4469,0,18.1094,1500,27164.1
3.65,25,35,0,35.3003,0.232359,17.969,1500,0.421133,35.3523,0,18.3438,1500,27515.6
3.7,25,36,0,36.1942,0.326021,18.152,1500,0.356822,36.2695,0,18.5781,1500,27867.2
3.75,25,36.5,0,37.0955,0.434207,18.3372,1500,0.304589,37.1984,0,18.8125,1500,28218.8
3.8,25,37.5,0,38.0043,0.555486,18.5145,1500,0.452744,38.1391,0,19.0464,1500,28569.6
3.85,25,38.5,0,38.9205,0.687971,18.6902,1500,0.4421,39.0914,0.00238263,19.2798,1500,28919.7
3.9,25,39.5,0,39.8437,0.833359,18.8628,1500,0.438984,40.0554,0.00835791,19.512,1500,29268
3.95,15,40.5,0.0942439,40.7734,0.993536,18.5843,-1500,-0.153313,41.0309,0.0207754,19.2707,-1500,-28906.1
4,15,41.5,0.282639,41.6908,1.14782,18.3288,-1500.01,0.348008,41.9942,0.0435503,19.0238,-1500,-28535.7
4.05,15,42.5,0.470755,42.5926,1.3113,18.0445,-1500,0.485808,42.9449,0.0800527,18.7695,-1500,-28154.3
4.1,15,43,0.56465,43.48,1.47507,17.7623,-1500.01,-0.294512,43.8823,0.133191,18.5075,-1500,-27761.2
4.15,15,44,0.751999,44.3557,1.6237,17.5118,-1500.01,-0.0671974,44.8055,0.205033,18.2386,-1500,-27357.9
4.2,15,45,0.938607,45.2212,1.75581,17.2232,-1500.03,1.59852,45.7138,0.296746,17.9642,-1500,-26946.2
4.25,15,46,1.12429,46.0728,1.88654,16.9371,-1500.01,-0.445524,46.6063,0.408844,17.6858,-1500,-26528.7
4.3,15,46.5,1.21672,46.9116,2.00352,16.6491,-1500,-1.06013,47.4823,0.541392,17.4314,-1333.15,-23238.7
4.35,15,47.5,1.40067,47.7372,2.10995,16.3589,-1500.01,-0.943565,48.3424,0.694467,17.1945,-1204.4,-20709
4.4,15,48.5,1.58324,48.5494,2.20674,16.068,-1500,-0.488019,49.1867,0.868162,16.9777,-1079.85,-18333.5
4.45,15,49,1.67395,49.3483,2.29213,15.8009,-1500,-0.128648,50.0157,1.06225,16.7801,-969.834,-16274
4.5,15,50,1.8541,50.1356,2.35822,15.5084,-1500,0.436455,50.8297,1.2764,16.6029,-870.511,-14453
4.55,15,50.5,1.9435,50.9093,2.42041,15.2802,-1082.66,0.370875,51.6292,1.50988,16.4438,-784.442,-12899.2
4.6,15,51.5,2.12085,51.6718,2.48018,15.122,-1092.5,-0.068675,52.4143,1.76262,16.3049,-707.148,-11530
4.65,15,52,2.20875,52.4265,2.52649,14.9977,-445.382,-0.364679,53.1857,2.03349,16.1872,-644.04,-10425.2
4.7,15,53,2.38289,53.1754,2.57107,14.9184,-183.29,-0.372052,53.9443,2.32079,16.0914,-594.682,-9569.27
4.75,15,53.5,2.46909,53.9204,2.61024,14.8314,-393.984,0.199958,54.6916,2.62196,16.0133,-559.025,-8951.85
4.8,15,54.5,2.63964,54.6611,2.65232,14.8115,253.584,0.609664,55.4303,2.9318,15.9405,-529.895,-8446.78
4.85,15,55,2.72394,55.4009,2.69347,14.7757,69.0414,0.417626,56.1653,3.24027,15.8565,-491.442,-7792.54
4.9,15,56,2.89052,56.1382,2.74092,14.7242,-207.873,-0.131746,56.9011,3.53543,15.7671,-429.891,-6778.14
4.95,15,56.5,2.97275,56.8737,2.78597,14.7702,417.974,-0.0922574,57.6398,3.81153,15.6754,-370.927,-5814.44
5,15,57.5,3.13499,57.6116,2.83042,14.766,17.8155,0.224867,58.3817,4.06582,15.5832,-313.548,-4886.1
5.05,15,58,3.21496,58.3481,2.88238,14.7478,247.555,0.401978,59.1268,4.29687,15.4924,-257.764,-3993.39
5.1,15,59,3.3725,59.0841,2.93328,14.7661,462.285,0.418683,59.8746,4.50396,15.404,-204.596,-3151.58
5.15,15,59.5,3.45003,59.8207,2.98611,14.7349,30.2738,0.220684,60.6247,4.68677,15.317,-153.955,-2358.13
5.2,15,60,3.52671,60.5543,3.0539,14.6411,-313.585,-0.379491,61.3764,4.84516,15.2339,-103.22,-1572.44
5.25,15,61,3.67744,61.2838,3.1254,14.6779,500.31,-0.122051,62.1292,4.97916,15.1533,-57.3089,-868.42
5.3,15,61.5,3.75146,62.0158,3.19685,14.7351,228.166,-0.142331,62.8825,5.0889,15.0781,0,0
5.35,15,62.5,3.89669,62.7494,3.26749,14.6826,-221.753,0.388672,63.6359,5.17453,14.9974,0,0
5.4,15,63,3.96787,63.4811,3.33451,14.6564,314.897,0.525624,64.3885,5.23628,14.9114,0,0
5.45,15,64,4.10728,64.2129,3.396,14.7176,725.038,0.422396,65.1394,5.27446,14.8163,0,0
5.5,15,64.5,4.17548,64.9475,3.45439,14.7627,323.863,-0.387816,65.8879,5.28948,14.7101,0,0
5.55,15,65.5,4.30876,65.6836,3.50858,14.7739,267.866,0.110363,66.633,5.28188,14.6222,231.956,3391.7
5.6,15,66,4.37381,66.4186,3.58357,14.7486,247.784,-0.404351,67.376,5.25192,14.5022,186.472,2704.25
5.65,15,67,4.50067,67.1529,3.66328,14.7786,501.036,-0.214618,68.1157,5.20037,14.3534,247.38,3550.75
5.7,15,67.5,4.56244,67.8887,3.74253,14.7604,-170.501,0.242018,68.8519,5.12793,14.1608,318.622,4511.93
5.75,15,68.5,4.68258,68.6217,3.82908,14.729,161.712,0.414062,69.5847,5.03522,13.902,413.401,5747.11
5.8,15,69,4.74093,69.3539,3.9127,14.7494,500.474,0.801584,70.3142,4.92288,13.5502,543.631,7366.3
5.85,15,70,4.8541,70.0872,3.99518,14.7344,130.454,0.264538,71.0411,4.79134,13.071,721.953,9436.62
5.9,15,70.5,4.9089,70.818,4.08868,14.6606,-238.012,-0.385277,71.7664,4.64089,12.4287,965.081,11994.7
5.95,15,71,4.96248,71.5454,4.18562,14.6639,277.571,-0.106843,72.4915,4.47145,11.5958,1287.85,14933.6
6,15,72,5.06597,72.2739,4.28253,14.6906,366.82,-0.419366,73.2182,4.28222,10.5279,1500,15791.8
6.05,15,72.5,5.11584,73.0025,4.37887,14.6642,-90.8004,0.411253,73.9471,4.07275,9.18283,1500,13774.3
6.1,15,73.5,5.21179,73.7302,4.47214,14.6391,273.121,0.307402,74.6779,3.8439,7.56983,1500,11354.7
6.15,15,74,5.25784,74.4582,4.56157,14.6899,653.84,0.418412,75.4097,3.59658,5.71503,1500,8572.55
6.2,15,75,5.34604,75.1885,4.64812,14.7307,309.413,-0.620325,76.1417,3.33179,3.65926,1500,5488.89
6.25,15,75.5,5.38817,75.9204,4.73118,14.71,193.488,-0.28104,76.8728,3.05073,1.45355,1500,2180.33
6.3,15,76.5,5.46842,76.6518,4.8158,14.7429,566.591,-0.41915,77.6021,2.75478,-0.843764,1500,-1265.65
6.35,15,77,5.50653,77.3844,4.90193,14.7197,-28.4908,-0.179627,78.3285,2.44555,-3.16857,1500,-4752.85
6.4,15,78,5.57866,78.1168,4.97427,14.6097,-483.394,0.36263,79.0511,2.12495,-5.45934,1500,-8189.01
6.45,15,78.5,5.61266,78.8452,5.04183,14.6063,476.406,0.420365,79.7691,1.79511,-7.65316,1500,-11479.7
6.5,15,79.5,5.67651,79.5747,5.10383,14.6824,771.15,0.423706,80.4822,1.45831,-9.68658,1500,-14529.9
6.55,15,80,5.70634,80.3073,5.16331,14.6768,-22.5271,-0.3956,81.1906,1.11681,-11.499,1500,-17248.5
6.6,15,81,5.76176,81.039,5.22087,14.6713,302.941,-0.25188,81.895,0.772845,-13.0302,1500,-19545.3
6.65,15,81.5,5.78734,81.7711,5.28042,14.7164,631.373,-0.396069,82.5961,0.428471,-14.2298,1500,-21344.7
6.7,15,82,5.8115,82.505,5.34178,14.7383,-101.28,-0.0399731,83.2953,0.0855575,-15.0544,1500,-22581.6
6.75,15,83,5.8555,83.2388,5.41066,14.7428,339.516,-0.223083,83.9941,-0.254206,-15.4753,1500,-23212.9
6.8,15,83.5,5.87534,83.9742,5.46216,14.776,246.357,0.00763549,84.6944,-0.589089,-15.413,1500,-23119.5
6.85,15,84.5,5.91066,84.7119,5.51032,14.7866,383.201,0.286753,85.3914,-0.923893,-14.9729,1500,-22459.4
6.9,15,85,5.92613,85.4497,5.56178,14.7622,-74.9281,-0.17586,86.0858,-1.25374,-14.2989,1500,-21448.4
6.95,15,86,5.95269,86.1866,5.60775,14.7607,373.869,-0.489937,86.7704,-1.58276,-13.4287,1500,-20143.1
7,15,86.5,5.96377,86.9235,5.65476,14.7527,266.907,-0.417675,87.446,-1.90903,-12.3728,1500,-18559.1
7.05,15,87.5,5.9815,87.66,5.69708,14.754,233.564,0.335467,88.1137,-2.23096,-11.1435,1500,-16715.2
7.1,15,88,5.98816,88.3968,5.7393,14.8051,358.19,0.00673499,88.7743,-2.54706,-9.7587,1500,-14638
7.15,15,89,5.99704,89.1367,5.77085,14.8445,348.192,0.0844217,89.4291,-2.85605,-8.23572,1500,-12353.6
7.2,15,89.5,5.99926,89.8783,5.80693,14.8143,-109.477,-0.162798,90.0792,-3.15677,-6.59633,1500,-9894.5
7.25,15,90.5,5.99926,90.6186,5.83663,14.8028,304.956,-0.633167,90.726,-3.44827,-4.86218,1500,-7293.27
7.3,15,91,5.99704,91.3585,5.86667,14.7799,172.271,-0.413945,91.371,-3.72979,-3.05469,1500,-4582.03
7.35,15,92,5.98816,92.0971,5.89117,14.7735,-88.0893,0.00749523,92.0157,-4.0007,-1.19909,1500,-1798.64
7.4,15,92.5,5.9815,92.8357,5.91965,14.8043,303.682,-0.0717027,92.6616,-4.2606,0.681619,1500,1022.43
7.45,15,93.5,5.96377,93.5759,5.92865,14.8056,296.224,-0.220251,93.3103,-4.50922,2.56116,1500,3841.74
7.5,15,94,5.95269,94.3162,5.92322,14.8089,138.705,-0.0871736,93.9634,-4.74655,4.41461,1500,6621.92
7.55,15,95,5.92613,95.0563,5.90158,14.776,138.464,0.418239,94.6224,-4.97259,6.21893,1500,9328.39
7.6,15,95.5,5.91066,95.7952,5.87738,14.778,389.6,0.419095,95.2886,-5.18741,7.94916,1500,11923.7
7.65,15,96.5,5.87534,96.5342,5.85178,14.7588,109.899,0.2678,95.9634,-5.39118,9.58248,1500,14373.7
7.7,15,97,5.8555,97.272,5.83656,14.67,-350.973,-0.365971,96.648,-5.58411,11.0966,1500,16644.9
7.75,15,98,5.8115,98.0061,5.82472,14.6794,514.799,-0.438757,97.3439,-5.76635,12.4072,1122.93,13932.4
7.8,15,98.5,5.78734,98.7413,5.81776,14.7202,544.334,-0.419092,98.0497,-5.93887,13.4777,680.802,9175.68
7.85,15,99,5.76176,99.4778,5.81137,14.7583,353.476,0.707874,98.7635,-6.10161,14.2925,348.925,4986.99
7.9,15,100,5.70634,100.216,5.80466,14.7674,159.719,-0.0405972,99.4848,-6.25263,14.8197,125.575,1860.97
7.95,15,100.5,5.67651,100.954,5.78134,14.7695,199.226,0.0826357,100.215,-6.38889,14.9744,0,0
8,15,101.5,5.61266,101.693,5.75897,14.7719,197.359,0.241006,100.952,-6.53436,14.7819,0,0
8.05,15,102,5.57866,102.432,5.74261,14.6581,-669.519,-0.342653,101.691,-6.68375,14.5,59.9847,869.78
8.1,15,103,5.50653,103.166,5.72891,14.6195,235.682,-0.564029,102.43,-6.83165,14.4027,481.336,6932.56
8.15,15,103.5,5.46842,103.898,5.72075,14.6831,749.927,-0.427923,103.17,-6.97946,14.5851,446.592,6513.59
8.2,15,104.5,5.38817,104.633,5.71612,14.6505,-140.665,-0.217556,103.909,-7.14229,14.7369,261.88,3859.31
8.25,15,105,5.34604,105.366,5.69914,14.5354,-561.666,0.388042,104.645,-7.31616,14.9135,213.446,3183.23
8.3,15,106,5.25784,106.093,5.67686,14.5456,295.548,-0.0181734,105.379,-7.49832,15.081,0,0
8.35,15,106.5,5.21179,106.821,5.63489,14.5717,601.99,0.172459,106.112,-7.68535,15.1708,0,0
8.4,15,107.5,5.11584,107.552,5.59167,14.6535,545.781,0.22186,106.852,-7.85236,15.0601,0,0
8.45,15,108,5.06597,108.285,5.54899,14.7352,272.82,-0.393306,107.597,-7.99796,14.7539,0,0
8.5,15,108.5,5.01484,109.021,5.50792,14.7013,260.73,-0.399159,108.345,-8.12682,14.2927,260.662,3725.56
8.55,15,109.5,4.9089,109.757,5.473,14.734,702.926,-0.42535,109.096,-8.24211,13.7008,636.599,8721.91
8.6,15,110,4.8541,110.496,5.4437,14.766,367.597,-0.696221,109.853,-8.34513,12.9748,925.93,12013.8
8.65,15,111,4.74093,111.235,5.41627,14.7604,-85.2631,0.413588,110.616,-8.43614,12.1351,1270.48,15417.5
8.7,15,111.5,4.68258,111.972,5.3871,14.7151,-169.831,-0.00783668,111.386,-8.51435,11.1763,1500,16764.5
8.75,15,112.5,4.56244,112.708,5.34939,14.7256,392.56,-0.266869,112.165,-8.57885,10.0766,1500,15114.9
8.8,15,113,4.50067,113.443,5.29234,14.7436,426.226,-0.350421,112.95,-8.62962,8.84978,1500,13274.7
8.85,15,114,4.37381,114.177,5.2195,14.7658,469.125,-0.436642,113.741,-8.66671,7.51204,1500,11268.1
8.9,15,114.5,4.30876,114.911,5.13621,14.7729,395.389,-0.528655,114.535,-8.69017,6.0796,1500,9119.4
8.95,15,115.5,4.17548,115.644,5.04574,14.7764,380.779,-0.626464,115.333,-8.70015,4.56807,1500,6852.11
9,15,116,4.10728,116.376,4.9472,14.7574,211.037,-0.319212,116.131,-8.69698,2.99818,1500,4497.27
9.05,15,117,3.96787,117.105,4.83603,14.7788,210.871,0.0441328,116.931,-8.681,1.38887,1500,2083.3
9.1,15,117.5,3.89669,117.837,4.72799,14.787,356.485,0.325197,117.729,-8.65269,-0.24101,1500,-361.515
9.15,15,118,3.82454,118.569,4.62267,14.7282,-238.088,-0.321932,118.525,-8.61267,-1.86974,1500,-2804.61
9.2,15,119,3.67744,119.298,4.51643,14.7051,194.406,-0.252281,119.318,-8.5617,-3.47662,1500,-5214.93
9.25,15,119.5,3.60252,120.026,4.41043,14.7173,372.031,-0.419573,120.106,-8.50067,-5.04173,1500,-7562.6
9.3,15,120.5,3.45003,120.755,4.30202,14.6782,-131.206,0.232258,120.888,-8.43067,-6.54304,1500,-9814.56
9.35,15,121,3.3725,121.481,4.19498,14.7422,456.677,0.0101395,121.663,-8.3529,-7.9608,1500,-11941.2
9.4,15,122,3.21496,122.209,4.07719,14.7752,515.784,0.253432,122.431,-8.2687,-9.2736,1500,-13910.4
9.45,15,122.5,3.13499,122.939,3.96245,14.7647,-51.201,-0.119478,123.19,-8.17952,-10.4626,1500,-15693.9
9.5,15,123.5,2.97275,123.668,3.84089,14.7684,390.522,-0.363911,123.941,-8.08691,-11.5079,1500,-17261.9
9.55,15,124,2.89052,124.396,3.71942,14.764,282.432,-0.414909,124.682,-7.9925,-12.392,1500,-18588
9.6,15,125,2.72394,125.124,3.59294,14.7639,256.28,0.462885,125.414,-7.89798,-13.099,1500,-19648.5
9.65,15,125.5,2.63964,125.851,3.4649,14.766,391.901,0.333661,126.137,-7.80512,-13.6134,1500,-20420
9.7,15,126,2.55468,126.579,3.33536,14.7573,231.664,0.433831,126.851,-7.71573,-13.9216,1500,-20882.3
9.75,15,127,2.38289,127.306,3.2095,14.708,-104.24,-0.403888,127.557,-7.63179,-13.9997,1500,-20999.6
9.8,15,127.5,2.2961,128.031,3.08569,14.704,393.251,-0.432383,128.254,-7.5573,-13.9114,1500,-20867.1
9.85,15,128.5,2.12085,128.757,2.96546,14.7351,504.652,-0.419228,128.947,-7.48365,-13.598,1500,-20397
9.9,15,129,2.03243,129.484,2.84394,14.7568,316.475,0.541413,129.635,-7.41421,-13.1582,1500,-19737.3
9.95,15,130,1.8541,130.212,2.72188,14.8053,365.45,0.00497319,130.312,-7.34098,-12.6079,1500,-18911.8
10,15,130.5,1.76424,130.941,2.59129,14.8167,438.828,0.420272,130.98,-7.26576,-11.945,1500,-17917.5
10.05,15,131.5,1.58324,131.671,2.46,14.8411,237.598,-0.166993,131.638,-7.18998,-11.17,1500,-16755
10.1,15,132,1.49214,132.4,2.32092,14.8567,301.173,-0.12103,132.286,-7.11496,-10.2865,1500,-15429.8
10.15,15,132.5,1.40067,133.129,2.17586,14.8765,-22.2104,-0.0410149,132.925,-7.04201,-9.29926,1500,-13948.9
10.2,15,133.5,1.21672,133.859,2.03666,14.8557,144.94,0.209561,133.555,-6.97239,-8.2149,1500,-12322.3
10.25,15,134,1.12429,134.59,1.90124,14.8172,73.5046,0.418926,134.176,-6.90739,-7.0409,1500,-10561.3
10.3,15,135,0.938607,135.319,1.77085,14.7651,-176.981,-0.191721,134.789,-6.84825,-5.78864,1500,-8682.97
10.35,15,135.5,0.845407,136.046,1.63849,14.7586,343.216,-0.43449,135.394,-6.79618,-4.46986,1500,-6704.78
10.4,15,136.5,0.658406,136.773,1.50763,14.7564,236.335,-0.276363,135.992,-6.75232,-3.09762,1500,-4646.44
10.45,15,137,0.56465,137.497,1.36811,14.692,-200.794,0.376166,136.585,-6.71777,-1.68621,1500,-2529.32
10.5,15,138,0.376743,138.219,1.22647,14.7027,507.036,0.418993,137.173,-6.69352,-0.249446,1500,-374.17
10.55,15,138.5,0.282639,138.94,1.08027,14.7221,415.659,0.41959,137.757,-6.68055,1.19474,1500,1792.11
10.6,15,139.5,0.0942439,139.662,0.934229,14.7418,267.362,-0.559826,138.339,-6.67966,2.63005,1500,3945.07
10.65,15,140,7.34788e-16,140.385,0.788466,14.7541,234.729,-0.0653079,138.919,-6.69156,4.04032,1500,6060.48
10.7,15,140.5,-0.0942439,141.109,0.641436,14.761,295.23,-0.313902,139.499,-6.7169,5.40998,1500,8114.98
10.75,15,141.5,-0.282639,141.832,0.491503,14.697,-313.614,0.365428,140.08,-6.75628,6.72374,1500,10085.6
10.8,15,142,-0.376743,142.552,0.341063,14.6636,222.964,0.409041,140.664,-6.81032,7.96666,1500,11950
10.85,15,143,-0.56465,143.269,0.186385,14.7146,657.405,0.416437,141.25,-6.87961,9.12422,1500,13686.3
10.9,15,143.5,-0.658406,143.989,0.0296192,14.7007,-174.601,0.127623,141.841,-6.96491,10.1846,1500,15276.9
10.95,15,144.5,-0.845407,144.709,-0.117331,14.612,-255.369,-0.417144,142.436,-7.06734,11.1309,1500,16696.4
11,15,145,-0.938607,145.427,-0.258737,14.6143,318.217,0.150121,143.038,-7.18851,11.9506,1500,17925.9
11.05,15,146,-1.12429,146.148,-0.378122,14.6506,666.671,-0.404323,143.647,-7.3313,12.6001,1270.58,16009.4
11.1,15,146.5,-1.21672,146.873,-0.493605,14.6876,510.954,-0.62118,144.262,-7.50054,12.9722,1079.47,14003.1
11.15,15,147,-1.30886,147.598,-0.610102,14.6625,-19.9046,0.405173,144.886,-7.6787,13.1318,1042.1,13684.7
11.2,15,148,-1.49214,148.322,-0.727549,14.6866,305.241,-0.0607453,145.525,-7.83521,13.1645,1063.73,14003.5
11.25,15,148.5,-1.58324,149.044,-0.865419,14.6787,310.091,0.243012,146.174,-7.97192,13.0734,1101.86,14405.1
11.3,15,149.5,-1.76424,149.766,-1.00472,14.7195,555.875,0.418495,146.834,-8.09165,12.8631,1188.32,15285.5
11.35,15,150,-1.8541,150.489,-1.14432,14.7498,329.93,-0.665539,147.504,-8.19622,12.5425,1320.59,16563.5
11.4,15,151,-2.03243,151.213,-1.28396,14.7756,238.605,0.0240664,148.182,-8.2865,12.1225,1493.64,18106.7
11.45,15,151.5,-2.12085,151.941,-1.41039,14.7742,356.842,-0.292764,148.87,-8.36252,11.5823,1500,17373.5
11.5,15,152.5,-2.2961,152.67,-1.53604,14.7782,230.331,-0.235227,149.565,-8.42447,10.9274,1500,16391
11.55,15,153,-2.38289,153.397,-1.66944,14.7008,-358.006,0.373893,150.268,-8.47241,10.1662,1500,15249.3
11.6,15,154,-2.55468,154.12,-1.80506,14.6634,189.425,0.300013,150.977,-8.50633,9.30506,1500,13957.6
11.65,15,154.5,-2.63964,154.841,-1.94378,14.7127,606.984,0.41928,151.691,-8.52625,8.35282,1500,12529.2
11.7,15,155,-2.72394,155.564,-2.08466,14.7546,336.316,-0.679663,152.409,-8.53224,7.32042,1500,10980.6
11.75,15,156,-2.89052,156.288,-2.22677,14.7324,81.6315,0.107814,153.129,-8.52432,6.21392,1500,9320.87
11.8,15,156.5,-2.97275,157.015,-2.34721,14.6847,62.2326,-0.243185,153.85,-8.50278,5.04861,1500,7572.91
11.85,15,157.5,-3.13499,157.741,-2.46517,14.7248,596.404,-0.424945,154.572,-8.46781,3.83328,1500,5749.92
11.9,15,158,-3.21496,158.469,-2.58056,14.7157,-80.2113,0.196021,155.293,-8.41975,2.5802,1500,3870.31
11.95,15,159,-3.3725,159.197,-2.68925,14.7586,320.761,0.0130683,156.012,-8.35908,1.30404,1500,1956.06
12,15,159.5,-3.45003,159.927,-2.80104,14.7768,457.465,0.391392,156.728,-8.28626,0.0151797,1500,22.7695
12.05,15,160.5,-3.60252,160.658,-2.91199,14.7909,250.774,-0.309373,157.439,-8.20194,-1.27254,1500,-1908.82
12.1,15,161,-3.67744,161.388,-3.02626,14.8298,309.073,-0.0346858,158.145,-8.10693,-2.54325,1500,-3814.87
12.15,15,162,-3.82454,162.121,-3.14024,14.8323,274.431,-0.23697,158.845,-8.00206,-3.78591,1500,-5678.87
12.2,15,162.5,-3.89669,162.853,-3.26138,14.7686,-226.971,0.390319,159.537,-7.88835,-4.98663,1500,-7479.95
12.25,15,163.5,-4.03808,163.582,-3.38312,14.7618,377.586,0.419721,160.221,-7.76698,-6.12392,1500,-9185.89
12.3,15,164,-4.10728,164.31,-3.50861,14.7645,330.001,0.419687,160.896,-7.63891,-7.19236,1500,-10788.5
12.35,15,164.5,-4.17548,165.038,-3.63346,14.7676,188.793,-0.476471,161.56,-7.50549,-8.17828,1500,-12267.4
12.4,15,165.5,-4.30876,165.766,-3.75856,14.7363,163.924,0.287595,162.214,-7.36811,-9.07018,1500,-13605.3
12.45,15,166,-4.37381,166.495,-3.8661,14.715,166.596,0.187231,162.858,-7.22833,-9.85583,1500,-14783.7
12.5,15,167,-4.50067,167.226,-3.95404,14.7243,281.889,-0.114517,163.49,-7.08773,-10.5233,1500,-15784.9
12.55,15,167.5,-4.56244,167.957,-4.04461,14.7254,273.139,-0.358905,164.111,-6.94796,-11.0619,1500,-16592.9
12.6,15,168.5,-4.68258,168.688,-4.13813,14.7379,239.873,0.472135,164.722,-6.81069,-11.4618,1500,-17192.7
12.65,15,169,-4.74093,169.419,-4.23365,14.7223,332.402,0.420008,165.323,-6.6776,-11.7128,1500,-17569.2
12.7,15,170,-4.8541,170.149,-4.33347,14.755,532.239,0.419247,165.914,-6.55045,-11.8056,1500,-17708.4
12.75,15,170.5,-4.9089,170.88,-4.43428,14.7772,280.581,-0.482106,166.498,-6.43162,-11.7725,1500,-17658.7
12.8,15,171.5,-5.01484,171.612,-4.53662,14.7497,158.165,0.226991,167.074,-6.31133,-11.5663,1500,-17349.5
12.85,15,172,-5.06597,172.345,-4.62008,14.7645,166.77,-0.0184051,167.642,-6.19373,-11.2731,1500,-16909.7
12.9,15,173,-5.16445,173.08,-4.70033,14.7824,437.688,-0.345801,168.203,-6.08665,-10.9762,1500,-16464.2
12.95,15,173.5,-5.21179,173.815,-4.78127,14.7622,-119.754,0.143613,168.751,-5.97637,-10.6657,1500,-15998.6
13,15,174.5,-5.30259,174.549,-4.85618,14.7609,381.989,0.444658,169.285,-5.86358,-10.3417,1500,-15512.5
13.05,15,175,-5.34604,175.284,-4.93299,14.7645,342.981,0.41862,169.805,-5.74895,-10.0061,1500,-15009.2
13.1,15,175.5,-5.38817,176.019,-5.00656,14.7647,233.779,-0.424035,170.312,-5.63314,-9.6594,1500,-14489.1
13.15,15,176.5,-5.46842,176.754,-5.07967,14.7714,268.029,0.1222,170.804,-5.51679,-9.30207,1500,-13953.1
13.2,15,177,-5.50653,177.49,-5.1324,14.7582,203.831,-0.196632,171.283,-5.40052,-8.93485,1500,-13402.3
13.25,15,178,-5.57866,178.227,-5.18663,14.7631,340.9,-0.424915,171.748,-5.28497,-8.55851,1500,-12837.8
13.3,15,178.5,-5.61266,178.963,-5.24294,14.7315,-0.856508,0.416356,172.198,-5.17074,-8.17395,1500,-12260.9
13.35,15,179.5,-5.67651,179.698,-5.29962,14.7297,394.604,0.426837,172.635,-5.05845,-7.78209,1500,-11673.1
13.4,15,180,-5.70634,180.432,-5.35939,14.7419,396.191,0.420419,173.057,-4.94869,-7.38391,1500,-11075.9
13.45,15,181,-5.76176,181.167,-5.41765,14.7268,-111.094,-0.0725273,173.466,-4.84207,-6.98039,1500,-10470.6
13.5,15,181.5,-5.78734,181.901,-5.48176,14.7704,357.021,0.0435894,173.861,-4.73915,-6.57251,1500,-9858.77
13.55,15,182.5,-5.83422,182.639,-5.5273,14.8093,339.722,0.0593115,174.243,-4.64051,-6.16126,1500,-9241.89
13.6,15,183,-5.8555,183.378,-5.55721,14.7988,139.058,-0.134775,174.61,-4.54671,-5.74746,1500,-8621.18
13.65,15,184,-5.89372,184.118,-5.5916,14.792,267.854,-0.389081,174.965,-4.45828,-5.33212,1500,-7998.18
13.7,15,184.5,-5.91066,184.857,-5.62967,14.751,-37.5941,0.416839,175.306,-4.37575,-4.91613,1500,-7374.2
13.75,15,185.5,-5.94014,185.594,-5.66823,14.748,383.472,0.490536,175.634,-4.29962,-4.50016,1500,-6750.25
13.8,15,186,-5.95269,186.33,-5.70953,14.7555,360.142,0.417241,175.949,-4.2304,-4.08517,1500,-6127.76
13.85,15,187,-5.97337,187.067,-5.74842,14.764,264.545,-0.44558,176.251,-4.16854,-3.67188,1500,-5507.82
13.9,15,187.5,-5.9815,187.805,-5.78679,14.7897,258.108,0.0411446,176.542,-4.11451,-3.26082,1500,-4891.22
13.95,15,188.5,-5.99334,188.544,-5.80742,14.8013,275.63,-0.105799,176.819,-4.06874,-2.85277,1500,-4279.15
14,15,189,-5.99704,189.285,-5.83147,14.833,175.413,-0.116584,177.086,-4.03165,-2.44818,1500,-3672.28
14.05,15,190,-6,190.026,-5.86003,14.7609,-261.026,0.391051,177.34,-4.00364,-2.0477,1500,-3071.55
14.1,15,190.5,-5.99926,190.764,-5.89089,14.7445,332.531,0.419461,177.583,-3.98509,-1.65176,1500,-2477.64
14.15,15,191.5,-5.99334,191.501,-5.92608,14.7478,320.742,0.42003,177.815,-3.97636,-1.26072,1500,-1891.08
14.2,15,192,-5.98816,192.238,-5.96127,14.7525,170.943,-0.525008,178.036,-3.97779,-0.874978,1500,-1312.47
14.25,15,192.5,-5.9815,192.975,-5.99651,14.7157,125.55,0.259452,178.247,-3.98972,-0.49484,1500,-742.259
14.3,15,193.5,-5.96377,193.711,-6.01307,14.6812,141.42,0.258827,178.447,-4.01245,-0.120601,1500,-180.901
14.35,15,194,-5.95269,194.445,-6.01088,14.6625,148.278,0.138321,178.637,-4.04628,0.247585,1500,371.377
14.4,15,195,-5.92613,195.178,-5.98728,14.6638,345.476,-0.229731,178.818,-4.0915,0.609465,1500,914.198
14.45,15,195.5,-5.91066,195.912,-5.96277,14.6986,532.09,-0.428025,178.99,-4.14836,0.965022,1500,1447.53
14.5,15,196.5,-5.87534,196.647,-5.93814,14.7215,295.976,0.603826,179.152,-4.21713,1.31405,1500,1971.08
14.55,15,197,-5.8555,197.383,-5.91314,14.7162,309.872,0.253732,179.305,-4.29804,1.65756,1500,2486.34
14.6,15,198,-5.8115,198.119,-5.8889,14.7416,471.246,0.419187,179.45,-4.39136,1.9958,1500,2993.7
14.65,15,198.5,-5.78734,198.856,-5.86371,14.758,279.806,-0.596464,179.585,-4.49736,2.32862,1500,3492.92
14.7,15,199.5,-5.73476,199.593,-5.83837,14.7809,327.104,-0.0849673,179.711,-4.61637,2.65647,1500,3984.7
14.75,15,200,-5.70634,200.333,-5.81516,14.7842,262.693,-0.321519,179.827,-4.74877,2.97969,1500,4469.53
14.8,15,201,-5.64528,201.072,-5.79637,14.7148,-310.387,0.372962,179.932,-4.89503,3.29965,1500,4949.48
14.85,15,201.5,-5.61266,201.808,-5.77979,14.6995,351.457,0.41983,180.025,-5.05579,3.62031,1500,5430.47
14.9,15,202.5,-5.54328,202.544,-5.76803,14.7446,607.736,0.425272,180.102,-5.23209,3.94212,1500,5913.18
14.95,15,203,-5.50653,203.282,-5.75787,14.7399,-205.96,-0.0169058,180.16,-5.42518,4.11922,1500,6178.83
15,15,204,-5.42896,204.019,-5.75604,14.7272,300.502,0.420172,180.218,-5.62694,4.4719,1500,6707.85
15.05,15,204.5,-5.38817,204.756,-5.7399,14.73,368.013,0.364558,180.271,-5.84522,4.64529,1500,6967.93
15.1,15,205,-5.34604,205.492,-5.71047,14.7277,345.032,0.399173,180.33,-6.07092,4.90843,1500,7362.65
15.15,15,206,-5.25784,206.227,-5.66955,14.7259,346.726,0.382571,180.404,-6.30576,5.08454,1500,7626.81
15.2,15,206.5,-5.21179,206.961,-5.61692,14.7228,297.865,0.257877,180.496,-6.54431,5.29426,1500,7941.39
15.25,15,207.5,-5.11584,207.694,-5.54938,14.7617,259.4,0.00679444,180.607,-6.78694,5.51859,1500,8277.88
15.3,15,208,-5.06597,208.429,-5.4783,14.7684,391.257,-0.339982,180.733,-7.03426,5.73726,1500,8605.88
15.35,15,209,-4.96248,209.165,-5.40837,14.7693,132.88,-0.157183,180.877,-7.28426,5.95523,1500,8932.84
15.4,15,209.5,-4.9089,209.901,-5.35149,14.6915,-263.4,0.390131,181.04,-7.5356,6.17307,1500,9259.61
15.45,15,210.5,-4.79811,210.635,-5.29873,14.6981,505.674,0.419605,181.222,-7.78671,6.38758,1500,9581.38
15.5,15,211,-4.74093,211.369,-5.25098,14.7208,426.995,0.420228,181.424,-8.03575,6.60077,1500,9901.16
15.55,15,212,-4.62308,212.104,-5.20425,14.666,-378.916,-0.168,181.647,-8.28087,6.81137,1500,10217.1
15.6,15,212.5,-4.56244,212.837,-5.16111,14.6475,294.453,0.412611,181.892,-8.52013,7.01941,1500,10529.1
15.65,15,213.5,-4.43779,213.567,-5.10194,14.6666,508.132,0.398021,182.157,-8.7515,7.22456,1500,10836.8
15.7,15,214,-4.37381,214.297,-5.02726,14.7061,552.246,0.234875,182.444,-8.97297,7.42792,1500,11141.9
15.75,15,214.5,-4.30876,215.026,-4.93602,14.7474,427.022,0.0964525,182.751,-9.18267,7.6273,1500,11441
15.8,15,215.5,-4.17548,215.756,-4.82678,14.7639,262.642,-0.0991699,183.079,-9.37868,7.82286,1500,11734.3
15.85,15,216,-4.10728,216.487,-4.72171,14.7659,334.909,-0.421624,183.427,-9.55923,8.01445,1500,12021.7
15.9,15,217,-3.96787,217.218,-4.61872,14.766,213.679,0.543089,183.793,-9.72276,8.20288,1500,12304.3
15.95,15,217.5,-3.89669,217.949,-4.51567,14.7586,325.156,0.335824,184.177,-9.86789,8.38706,1500,12580.6
16,15,218.5,-3.75146,218.681,-4.41393,14.7688,373.82,0.419002,184.577,-9.99353,8.56709,1500,12850.6
16.05,15,219,-3.67744,219.412,-4.30959,14.7264,-146.848,-0.213999,184.992,-10.0988,8.74398,1500,13116
16.1,15,220,-3.52671,220.142,-4.20754,14.7502,432.408,-0.166769,185.421,-10.1831,8.91779,1500,13376.7
16.15,15,220.5,-3.45003,220.873,-4.1077,14.7694,144.513,-0.145504,185.863,-10.2457,9.09014,1500,13635.2
16.2,15,221.5,-3.29414,221.606,-4.01612,14.7271,-86.553,0.409251,186.315,-10.2864,9.26172,1500,13892.6
16.25,15,222,-3.21496,222.338,-3.9288,14.6967,286.957,0.583475,186.778,-10.3049,9.43463,1500,14152
16.3,15,222.5,-3.13499,223.07,-3.84687,14.7359,559.813,0.41898,187.25,-10.301,9.60937,1500,14414
16.35,15,223.5,-2.97275,223.803,-3.76736,14.7742,297.445,-0.50604,187.73,-10.2749,9.78737,1500,14681.1
16.4,15,224,-2.89052,224.538,-3.69005,14.801,224.389,0.0285695,188.217,-10.2268,9.96853,1500,14952.8
16.45,15,225,-2.72394,225.273,-3.6018,14.7871,253.117,0.276919,188.71,-10.1574,10.1522,1500,15228.2
16.5,15,225.5,-2.63964,226.005,-3.49605,14.7963,282.513,0.133898,189.21,-10.0672,10.3376,1500,15506.4
16.55,15,226.5,-2.46909,226.734,-3.37117,14.8246,268.116,0.0575542,189.715,-9.95576,10.5244,1500,15786.6
16.6,15,227,-2.38289,227.462,-3.2304,14.7998,153.814,-0.258542,190.224,-9.82206,10.7117,1500,16067.5
16.65,15,228,-2.20875,228.189,-3.09038,14.8027,350.119,-0.418699,190.736,-9.66484,10.9014,1500,16352.1
16.7,15,228.5,-2.12085,228.917,-2.95211,14.7888,-156.227,0.0251845,191.249,-9.48278,11.0905,1500,16635.7
16.75,15,229.5,-1.9435,229.642,-2.80704,14.8145,387.626,0.142068,191.764,-9.27509,11.2781,1500,16917.2
16.8,15,230,-1.8541,230.368,-2.65692,14.7898,-93.4057,-0.224824,192.277,-9.04132,11.4699,1500,17204.9
16.85,15,230.5,-1.76424,231.093,-2.513,14.7651,222.238,-0.424876,192.788,-8.78149,11.6606,1500,17490.9
16.9,15,231.5,-1.58324,231.818,-2.36779,14.7734,389.433,-0.7384,193.297,-8.49579,11.8583,1500,17787.4
16.95,15,232,-1.49214,232.543,-2.22484,14.7276,-95.4197,-0.189082,193.804,-8.18598,12.0582,1500,18087.3
17,15,233,-1.30886,233.268,-2.09862,14.6274,-344.76,0.382446,194.307,-7.85224,12.2671,1500,18400.6
17.05,15,233.5,-1.21672,233.99,-1.97749,14.6422,558.351,0.437675,194.808,-7.49588,12.4883,1500,18732.4
17.1,15,234.5,-1.03157,234.715,-1.86125,14.675,462.15,0.523934,195.309,-7.12151,12.7294,1500,19094.2
17.15,15,235,-0.938607,235.44,-1.74536,14.6663,27.5481,-0.409398,195.812,-6.73092,12.9656,1500,19448.4
17.2,15,236,-0.751999,236.164,-1.62844,14.6738,260.64,-0.0841409,196.326,-6.33671,13.1849,1487.97,19618.7
17.25,15,236.5,-0.658406,236.89,-1.51217,14.7129,521.8,-0.419703,196.859,-5.94867,13.3756,1407.48,18825.9
17.3,15,237,-0.56465,237.617,-1.39497,14.6978,-6.36622,0.410842,197.412,-5.5724,13.545,1342.99,18190.8
17.35,15,238,-0.376743,238.342,-1.27831,14.7039,221.965,0.0731482,197.985,-5.21094,13.693,1284.15,17583.8
17.4,15,238.5,-0.282639,239.069,-1.16038,14.7263,402.204,0.331103,198.577,-4.86633,13.8211,1233.84,17053.1
17.45,15,239.5,-0.0942439,239.796,-1.041,14.7025,-72.1857,-0.404683,199.188,-4.53981,13.9318,1190.82,16590.2
17.5,15,240,0,240.522,-0.92098,14.6733,244.676,-0.468939,199.815,-4.23206,14.028,1153.83,16185.9
17.55,25,241,0,241.246,-0.796475,14.8637,1500,0.424649,200.457,-3.94337,14.1141,1121.37,15827.1
17.6,25,241.5,0,241.976,-0.655672,15.045,1500,-0.418664,201.113,-3.67398,14.1941,1091.16,15488.1
17.65,25,242.5,0,242.715,-0.517685,15.2275,1500,-0.418883,201.782,-3.42407,14.2709,1061.79,15152.8
17.7,25,243,0,243.466,-0.390193,15.3986,1500,-0.423218,202.462,-3.19378,14.348,1032.54,14814.9
17.75,25,244,0,244.228,-0.277599,15.5616,1500,-0.420114,203.153,-2.98326,14.4285,1001.75,14453.8
17.8,25,244.5,0,245.001,-0.181409,15.7263,1500,-0.417653,203.854,-2.79275,14.5134,968.388,14054.6
17.85,25,245.5,0,245.784,-0.101844,15.8991,1500,-0.417029,204.564,-2.62236,14.6074,932.741,13625
17.9,25,246.5,0,246.577,-0.0380742,16.0796,1500,-0.407602,205.282,-2.47267,14.7086,891.573,13113.8
17.95,25,247,0,247.379,0.0121391,16.2625,1500,-0.380029,206.007,-2.3441,14.8102,848.364,12564.5
18,25,248,0,248.191,0.0519089,16.4412,1500,-0.438249,206.74,-2.23583,14.7771,0,0
18.05,25,248.5,0,249.013,0.083494,16.619,1500,-0.430244,207.474,-2.14501,14.8719,834.027,12403.6
18.1,25,249.5,0,249.844,0.105742,16.7952,1500,-0.426676,208.213,-2.06827,14.8325,0,0
18.15,25,250.5,0,250.683,0.116038,16.9677,1500,-0.420922,208.952,-2.00726,14.7957,0,0
18.2,25,251,0,251.532,0.112144,17.1382,1500,-0.415861,209.691,-1.96626,14.8775,846.648,12596
18.25,25,252,0,252.389,0.0928582,17.3096,1500,-0.418415,210.435,-1.94786,14.8161,0,0
18.3,25,253,0,253.254,0.058055,17.4841,1500,-0.419023,211.177,-1.95329,14.7372,0,0
18.35,25,254,0,254.127,0.00842965,17.6618,1500,-0.407858,211.915,-1.98213,14.792,900.898,13326.1
18.4,25,254.5,0,255.008,-0.0548097,17.8395,1500,-0.418249,212.656,-2.03555,14.8234,833.767,12359.3
18.45,25,255.5,0,255.897,-0.130193,18.0167,1500,-0.421802,213.398,-2.11279,14.7208,0,0
18.5,25,256.5,0,256.793,-0.217195,18.1929,1500,-0.419785,214.134,-2.21236,14.749,912.719,13461.7
18.55,25,257.5,0,257.698,-0.316423,18.3678,1500,-0.414828,214.87,-2.33573,14.7566,861.689,12715.6
18.6,25,258,0,258.609,-0.429184,18.5407,1500,-0.420935,215.604,-2.4826,14.7416,866.946,12780.2
18.65,25,259,0,259.528,-0.556595,18.713,1500,-0.414152,216.337,-2.6525,14.6972,882.096,12964.4
18.7,25,260,0,260.453,-0.699406,18.8864,1500,-0.41247,217.067,-2.84504,14.6058,911.646,13315.3
18.75,25,261,0,261.384,-0.857708,19.0616,1500,-0.409891,217.795,-3.05972,14.4499,967.163,13975.5
18.8,25,262,0,262.321,-1.03108,19.2379,1500,-0.419573,218.519,-3.29628,14.1995,1055.39,14986
18.85,25,263,0,263.265,-1.21865,19.4146,1500,-0.42034,219.241,-3.55461,13.8204,1193.64,16496.7
18.9,25,264,0,264.215,-1.41969,19.591,1500,-0.420193,219.961,-3.83505,13.2674,1396.96,18533.9
18.95,25,264.5,0,265.171,-1.63393,19.7668,1500,-0.414251,220.68,-4.13822,12.4692,1500,18703.7
19,25,265.5,0,266.133,-1.86178,19.9414,1500,-0.41335,221.397,-4.46406,11.3626,1500,17043.8
19.05,25,266.5,0,267.1,-2.10399,20.1145,1500,-0.420049,222.113,-4.8116,9.92582,1500,14888.7
19.1,25,268,0,268.073,-2.36128,20.2859,1491.46,-0.417714,222.829,-5.17978,8.16587,1500,12248.8
19.15,25,269,0,269.05,-2.63418,20.5036,1478.86,0.0478782,223.543,-5.56747,6.11469,1500,9172.04
19.2,25,270,0,270.038,-2.91104,20.6894,1463.16,0.425284,224.256,-5.9734,3.82255,1500,5733.83
19.25,25,271,0,271.034,-3.18835,20.873,1450.02,0.453314,224.967,-6.39612,1.35222,1500,2028.33
19.3,25,272,0,272.043,-3.45653,21.0118,1437.27,0.430924,225.674,-6.83394,-1.22408,1500,-1836.12
19.35,25,273,0,273.065,-3.70928,21.1201,1427.77,0.421429,226.378,-7.285,-3.82895,1500,-5743.42
19.4,25,274,0,274.099,-3.94517,21.2325,1420.45,0.501959,227.077,-7.74709,-6.38689,1500,-9580.34
19.45,25,275,0,275.144,-4.16397,21.3732,1412.93,0.443205,227.773,-8.2179,-8.81853,1500,-13227.8
19.5,25,276,0,276.199,-4.36563,21.5503,1403.63,0.418082,228.464,-8.69516,-11.0454,1500,-16568.1
19.55,25,277,0,277.264,-4.55024,21.755,1392.09,0.389259,229.152,-9.17674,-12.9913,1500,-19486.9
19.6,25,278.5,0,278.34,-4.7189,21.9522,1379,0.424843,229.838,-9.66072,-14.5838,1500,-21875.7
19.65,25,279.5,0,279.426,-4.87824,22.1175,1366.6,0.350562,230.523,-10.1452,-15.7721,1500,-23658.2
19.7,25,280.5,0,280.521,-5.03659,22.27,1356.39,0.419795,231.208,-10.6285,-16.5168,1500,-24775.3
19.75,25,281.5,0,281.623,-5.19675,22.4427,1347.1,0.464439,231.896,-11.1091,-16.8043,1500,-25206.4
19.8,25,282.5,0,282.734,-5.35385,22.5863,1217.33,0.269694,232.588,-11.5842,-16.5408,1500,-24811.1
19.85,25,283.5,0,283.855,-5.4953,22.6963,1086.52,-0.0488708,233.282,-12.0587,-15.8389,1500,-23758.3
19.9,25,285,0,284.987,-5.63518,22.8403,1321.8,0.400832,233.967,-12.5351,-14.7564,1500,-22134.6
19.95,25,286,0,286.127,-5.75707,23.0152,1313.47,0.451296,234.648,-13.0107,-13.3033,1500,-19954.9
20,25,287,0,287.275,-5.86177,23.2044,1303.49,0.408874,235.326,-13.4837,-11.5084,1500,-17262.7
20.05,25,288.5,0,288.432,-5.95242,23.3714,1292.86,0.456155,236.002,-13.9525,-9.40931,1500,-14114
20.1,25,289.5,0,289.597,-6.03763,23.5103,1283.62,0.414311,236.679,-14.4161,-7.05072,1500,-10576.1
20.15,25,290.5,0,290.77,-6.1233,23.6607,1276.04,0.424958,237.359,-14.8735,-4.48399,1500,-6725.98
20.2,25,292,0,291.95,-6.20859,23.7009,501.889,0.501382,238.044,-15.3243,-1.76581,1500,-2648.72
20.25,25,293,0,293.133,-6.2856,23.7067,365.87,-0.133174,238.736,-15.7682,1.04264,1500,1563.96
20.3,25,294,0,294.319,-6.36399,23.8386,1199.96,0.411754,239.437,-16.2053,3.87722,1500,5815.83
20.35,25,295.5,0,295.512,-6.4248,24.0015,1258.46,0.419329,240.149,-16.636,6.66879,1500,10003.2
